IP	Descripcion	Domain	Country	ISP
18.228.7.109	# Kinsing payload delivery server	ec2-18-228-7-109.sa-east-1.compute.amazonaws.com	Brazil	AMAZON-02
34.247.50.189	Apache Log4j RCE Attempt	ec2-34-247-50-189.eu-west-1.compute.amazonaws.com	Ireland	AMAZON-02
35.170.71.122	Apache Log4j RCE Attempt	ec2-35-170-71-122.compute-1.amazonaws.com	United States	AMAZON-AES
54.173.99.121	Apache Log4j RCE Attempt	ec2-54-173-99-121.compute-1.amazonaws.com	United States	AMAZON-AES
188.166.92.228	Apache Log4j RCE Attempt		Brazil	MICROSOFT-CORP-MSN-AS-BLOCK
199.195.250.77	Apache Log4j RCE Attempt		Hong Kong	MICROSOFT-CORP-MSN-AS-BLOCK
20.205.104.227	Apache Log4j RCE Attempt		Netherlands	MICROSOFT-CORP-MSN-AS-BLOCK
				
IP	Descripcion	Domain	Country	ISP
1.116.59.211	Apache Log4j RCE Attempt		China	Shenzhen Tencent Computer Systems Company Limited
1.14.17.89	Apache Log4j RCE Attempt		China	Shenzhen Tencent Computer Systems Company Limited
1.209.249.188	Apache Log4j RCE Attempt		South Korea	LG DACOM Corporation
101.35.154.34	Apache Log4j RCE Attempt		China	Shenzhen Tencent Computer Systems Company Limited
103.103.0.141	Apache Log4j RCE Attempt		Philippines	IP-Converge Data Center, Inc.
103.103.0.142	Apache Log4j RCE Attempt		Philippines	IP-Converge Data Center, Inc.
103.214.5.13	Apache Log4j RCE Attempt	node-13.tor.exit.sx	Netherlands	HostSlim B.V.
103.90.239.209	Apache Log4j RCE Attempt	103-90-239-209.jet14.jetway.in	India	Jetway Networks Private Limited
104.244.72.115	Apache Log4j RCE Attempt	tor-exit-hermes.greektor.net	Luxembourg	PONYNET
104.244.72.129	Apache Log4j RCE Attempt	dontbeadick.tor.scosec.com	Luxembourg	PONYNET
104.244.72.7	Apache Log4j RCE Attempt	LuxembourgTor53.lu	Luxembourg	PONYNET
104.244.73.43	Apache Log4j RCE Attempt	tor-exit-01.for-privacy.net	Luxembourg	PONYNET
104.244.74.211	Apache Log4j RCE Attempt	LuxembourgTor6.lu	Luxembourg	PONYNET
104.244.74.57	Apache Log4j RCE Attempt	tor1.panhu.xyz	Luxembourg	PONYNET
104.244.75.74	Apache Log4j RCE Attempt	this-is-a-tor-exit-node.h-o-s-t.name	Luxembourg	PONYNET
104.244.76.13	Apache Log4j RCE Attempt	tor-exit-node.spongebob.nicdex.com	Luxembourg	PONYNET
104.244.76.170	Apache Log4j RCE Attempt	tor2.panhu.xyz	Luxembourg	PONYNET
104.244.76.173	Apache Log4j RCE Attempt	LuxembourgTor63.quetzalcoatl-relays.org	Luxembourg	PONYNET
104.244.77.235	Apache Log4j RCE Attempt	LuxembourgTor15.lu	Luxembourg	PONYNET
104.244.78.213	Apache Log4j RCE Attempt	LuxembourgTor58.lu	Luxembourg	PONYNET
104.244.79.6	Apache Log4j RCE Attempt	LuxembourgTor29.lu	Luxembourg	PONYNET
107.189.1.160	Apache Log4j RCE Attempt	onion-exit.stagingdomain.name	Luxembourg	PONYNET
107.189.1.178	Apache Log4j RCE Attempt	lux.tor.captainsonic.com	Luxembourg	PONYNET
107.189.10.137	Apache Log4j RCE Attempt	exitrelay21.medvideos-tor.org	Luxembourg	PONYNET
107.189.11.153	Apache Log4j RCE Attempt	LuxembourgTor2	Luxembourg	PONYNET
107.189.12.135	Apache Log4j RCE Attempt	LuxembourgTor54.lu	Luxembourg	PONYNET
107.189.14.182	Apache Log4j RCE Attempt	LuxembourgTor43.lu	Luxembourg	PONYNET
107.189.14.76	Apache Log4j RCE Attempt	exitrelay16.medvideos-tor.org	Luxembourg	PONYNET
107.189.14.98	Apache Log4j RCE Attempt	exitrelay71.medvideos-tor.org	Luxembourg	PONYNET
107.189.29.107	Apache Log4j RCE Attempt	exitrelay62.medvideos-tor.org	Luxembourg	PONYNET
107.189.29.41	Apache Log4j RCE Attempt	LuxembourgTor14.lu	Luxembourg	PONYNET
107.189.31.241	Apache Log4j RCE Attempt	LuxembourgTor17.lu	Luxembourg	PONYNET
107.189.8.65	Apache Log4j RCE Attempt	lux2.tor-exit-node.net	Luxembourg	PONYNET
109.237.96.124	Apache Log4j RCE Attempt	server.com	Russia	Hostglobal.plus Ltd
109.70.100.26	Apache Log4j RCE Attempt	tor-exit-anonymizer.appliedprivacy.net	Austria	Foundation for Applied Privacy
109.70.100.27	Apache Log4j RCE Attempt	tor-exit-anonymizer.appliedprivacy.net	Austria	Foundation for Applied Privacy
109.70.100.28	Apache Log4j RCE Attempt	tor-exit-anonymizer.appliedprivacy.net	Austria	Foundation for Applied Privacy
109.70.100.34	Apache Log4j RCE Attempt	tor-exit-anonymizer.appliedprivacy.net	Austria	Foundation for Applied Privacy
109.70.100.36	Apache Log4j RCE Attempt	tor-exit-anonymizer.appliedprivacy.net	Austria	Foundation for Applied Privacy
116.24.67.213	Apache Log4j RCE Attempt		China	Chinanet
121.4.56.143	Apache Log4j RCE Attempt		China	Shenzhen Tencent Computer Systems Company Limited
121.5.219.20	Apache Log4j RCE Attempt		China	Shenzhen Tencent Computer Systems Company Limited
122.161.50.23	Apache Log4j RCE Attempt	abts-north-dynamic-023.50.161.122.airtelbroadband.in	India	Bharti Airtel Ltd., Telemedia Services
122.161.53.44	Apache Log4j RCE Attempt	abts-north-dynamic-044.53.161.122.airtelbroadband.in	India	Bharti Airtel Ltd., Telemedia Services
133.18.201.195	Apache Log4j RCE Attempt	v133-18-201-195.vir.kagoya.net	Japan	KAGOYA JAPAN Inc.
134.122.34.28	Apache Log4j RCE Attempt		Canada	DIGITALOCEAN-ASN
134.209.163.248	https://gist.githubusercontent.com/superducktoes/		United States	DIGITALOCEAN-ASN
134.56.204.191	Apache Log4j RCE Attempt	134.56.204.191.hwccustomers.com	United States	HOTWIRE-COMMUNICATIONS
135.148.43.32	Apache Log4j RCE Attempt		United States	OVH SAS
137.184.102.82	Apache Log4j RCE Attempt	jerry-se-do-na-east-scanners-30.do.binaryedge.ninja	United States	DIGITALOCEAN-ASN
137.184.104.73	Apache Log4j RCE Attempt	jerry-se-do-na-east-scanners-68.do.binaryedge.ninja	United States	DIGITALOCEAN-ASN
137.184.106.119	Apache Log4j RCE Attempt	jerry-se-do-na-east-scanners-15.do.binaryedge.ninja	United States	DIGITALOCEAN-ASN
137.184.111.180	Apache Log4j RCE Attempt	jerry-se-do-na-east-scanners-3.do.binaryedge.ninja	United States	DIGITALOCEAN-ASN
137.184.28.58	Apache Log4j RCE Attempt		United States	DIGITALOCEAN-ASN
137.184.96.216	Apache Log4j RCE Attempt	jerry-se-do-na-east-scanners-18.do.binaryedge.ninja	United States	DIGITALOCEAN-ASN
137.184.98.176	Apache Log4j RCE Attempt	jerry-se-do-na-east-scanners-32.do.binaryedge.ninja	United States	DIGITALOCEAN-ASN
137.184.99.8	Apache Log4j RCE Attempt	jerry-se-do-na-east-scanners-49.do.binaryedge.ninja	United States	DIGITALOCEAN-ASN
138.197.206.223	# Kinsing payload delivery server		United States	DIGITALOCEAN-ASN
138.68.167.19	Apache Log4j RCE Attempt	jerry-se-do-eu-west-scanners-62.do.binaryedge.ninja	United Kingdom	DIGITALOCEAN-ASN
139.59.8.39	Apache Log4j RCE Attempt	jerry-se-do-ap-central-scanners-63.do.binaryedge.ninja	India	DIGITALOCEAN-ASN
140.246.171.141	Apache Log4j RCE Attempt		China	Cloud Computing Corporation
142.93.151.166	Apache Log4j RCE Attempt	jerry-se-do-na-central-scanners-11.do.binaryedge.ninja	Canada	DIGITALOCEAN-ASN
142.93.34.250	Apache Log4j RCE Attempt	jerry-se-do-eu-west-scanners-21.do.binaryedge.ninja	United Kingdom	DIGITALOCEAN-ASN
142.93.36.237	Apache Log4j RCE Attempt	jerry-se-do-eu-west-scanners-2.do.binaryedge.ninja	United Kingdom	DIGITALOCEAN-ASN
143.110.221.204	Apache Log4j RCE Attempt	jerry-se-do-na-central-scanners-63.do.binaryedge.ninja	Canada	DIGITALOCEAN-ASN
143.198.32.72	Apache Log4j RCE Attempt		Canada	DIGITALOCEAN-ASN
143.198.45.117	Apache Log4j RCE Attempt		Canada	DIGITALOCEAN-ASN
145.220.24.19	Apache Log4j RCE Attempt	host-145-220-24-19.onweerswolk.nl	Netherlands	SURF B.V.
146.56.131.161	Apache Log4j RCE Attempt		South Korea	ORACLE-BMC-31898
147.182.131.229	Apache Log4j RCE Attempt		United States	DIGITALOCEAN-ASN
147.182.150.124	Apache Log4j RCE Attempt	jerry-se-do-na-central-scanners-12.do.binaryedge.ninja	Canada	DIGITALOCEAN-ASN
147.182.154.100	Apache Log4j RCE Attempt	jerry-se-do-na-central-scanners-72.do.binaryedge.ninja	Canada	DIGITALOCEAN-ASN
147.182.167.165	Apache Log4j RCE Attempt	jerry-se-do-na-east-scanners-20.do.binaryedge.ninja	United States	DIGITALOCEAN-ASN
147.182.169.254	Apache Log4j RCE Attempt	jerry-se-do-na-east-scanners-0.do.binaryedge.ninja	United States	DIGITALOCEAN-ASN
147.182.199.94	Apache Log4j RCE Attempt		United States	DIGITALOCEAN-ASN
147.182.213.12	Apache Log4j RCE Attempt	jerry-se-do-na-east-scanners-77.do.binaryedge.ninja	United States	DIGITALOCEAN-ASN
147.182.219.9	Apache Log4j RCE Attempt	jerry-se-do-na-east-scanners-25.do.binaryedge.ninja	United States	DIGITALOCEAN-ASN
150.158.189.96	Apache Log4j RCE Attempt		China	Shenzhen Tencent Computer Systems Company Limited
151.115.60.113	Apache Log4j RCE Attempt	113-60-115-151.instances.scw.cloud	Poland	Online S.a.s.
151.80.148.159	Apache Log4j RCE Attempt	vps-f36c2a3c.vps.ovh.net	France	OVH SAS
157.230.32.67	Apache Log4j RCE Attempt	jerry-se-do-ap-south-scanners-54.do.binaryedge.ninja	Singapore	DIGITALOCEAN-ASN
157.245.109.75	Apache Log4j RCE Attempt	jerry-se-do-ap-central-scanners-11.do.binaryedge.ninja	India	DIGITALOCEAN-ASN
159.223.9.17	Apache Log4j RCE Attempt	jerry-se-do-eu-central-scanners-23.do.binaryedge.ninja	Netherlands	DIGITALOCEAN-ASN
159.65.146.60	Apache Log4j RCE Attempt	jerry-se-do-ap-central-scanners-38.do.binaryedge.ninja	India	DIGITALOCEAN-ASN
159.65.155.208	Apache Log4j RCE Attempt	jerry-se-do-ap-central-scanners-16.do.binaryedge.ninja	India	DIGITALOCEAN-ASN
159.65.175.123	Apache Log4j RCE Attempt		United States	DIGITALOCEAN-ASN
159.65.194.103	Apache Log4j RCE Attempt	jerry-se-do-eu-central-scanners-70.do.binaryedge.ninja	Netherlands	DIGITALOCEAN-ASN
159.65.3.102	Apache Log4j RCE Attempt	jerry-se-do-ap-south-scanners-14.do.binaryedge.ninja	Singapore	DIGITALOCEAN-ASN
159.65.58.66	Apache Log4j RCE Attempt	jerry-se-do-eu-west-scanners-36.do.binaryedge.ninja	United Kingdom	DIGITALOCEAN-ASN
159.89.113.255	Apache Log4j RCE Attempt		Canada	DIGITALOCEAN-ASN
159.89.180.119	Apache Log4j RCE Attempt		United States	DIGITALOCEAN-ASN
159.89.182.117	# Kinsing payload URL		United States	DIGITALOCEAN-ASN
161.35.119.60	Apache Log4j RCE Attempt	jerry-se-do-na-east-scanners-62.do.binaryedge.ninja	United States	DIGITALOCEAN-ASN
162.247.74.202	Apache Log4j RCE Attempt	djb.tor-exit.calyxinstitute.org	United States	CALYX-AS
163.172.157.143	# Rogue LDAP server	143-157-172-163.instances.scw.cloud	France	Online S.a.s.
164.90.199.216	Apache Log4j RCE Attempt	jerry-se-do-eu-central-scanners-46.do.binaryedge.ninja	Netherlands	DIGITALOCEAN-ASN
167.71.13.196	Apache Log4j RCE Attempt	synprobe001.leakix.net	Netherlands	DIGITALOCEAN-ASN
167.99.164.160	Apache Log4j RCE Attempt	jerry-se-do-na-west-scanners-63.do.binaryedge.ninja	United States	DIGITALOCEAN-ASN
167.99.164.201	Apache Log4j RCE Attempt	jerry-se-do-na-west-scanners-23.do.binaryedge.ninja	United States	DIGITALOCEAN-ASN
167.99.172.213	Apache Log4j RCE Attempt	jerry-se-do-na-west-scanners-8.do.binaryedge.ninja	United States	DIGITALOCEAN-ASN
167.99.172.58	Apache Log4j RCE Attempt	jerry-se-do-na-west-scanners-28.do.binaryedge.ninja	United States	DIGITALOCEAN-ASN
170.210.45.163	Apache Log4j RCE Attempt	vm02unlpam.riu.edu.ar	Argentina	Red de Interconexion Universitaria
171.25.193.20	Apache Log4j RCE Attempt	tor-exit0-readme.dfri.se	Sweden	Foreningen for digitala fri- och rattigheter
171.25.193.25	Apache Log4j RCE Attempt	tor-exit5-readme.dfri.se	Sweden	Foreningen for digitala fri- och rattigheter
171.25.193.77	Apache Log4j RCE Attempt	tor-exit1-readme.dfri.se	Sweden	Foreningen for digitala fri- och rattigheter
171.25.193.78	Apache Log4j RCE Attempt	tor-exit4-readme.dfri.se	Sweden	Foreningen for digitala fri- och rattigheter
172.106.17.218	Apache Log4j RCE Attempt		United States	AS40676
175.6.210.66	Apache Log4j RCE Attempt		China	Hengyang
176.10.104.240	Apache Log4j RCE Attempt	tor1e1.digitale-gesellschaft.ch	Switzerland	Datasource AG
176.10.99.200	Apache Log4j RCE Attempt	accessnow.org	Switzerland	Datasource AG
178.17.171.102	Apache Log4j RCE Attempt	angband.teaparty.net	Moldova	I.C.S. Trabia-Network S.R.L.
178.17.171.150	Apache Log4j RCE Attempt	178-17-171-150.static.as43289.net	Moldova	I.C.S. Trabia-Network S.R.L.
178.176.202.121	Apache Log4j RCE Attempt		Russia	PJSC MegaFon
178.176.203.190	Apache Log4j RCE Attempt		Russia	PJSC MegaFon
178.20.55.16	Apache Log4j RCE Attempt	marcuse-1.nos-oignons.net	France	Ielo-liazo Services SAS
178.62.79.49	Apache Log4j RCE Attempt		United Kingdom	DIGITALOCEAN-ASN
179.43.187.138	Apache Log4j RCE Attempt		Switzerland	Private Layer INC
18.27.197.252	Apache Log4j RCE Attempt	wholesomeserver.media.mit.edu	United States	MIT-GATEWAYS
181.214.39.2	Apache Log4j RCE Attempt		United States	NEXTARRAY-ASN-01
185.10.68.168	Apache Log4j RCE Attempt	168.68.10.185.ro.ovo.sc	Seychelles	Flokinet Ltd
185.100.86.128	Apache Log4j RCE Attempt		Finland	Flokinet Ltd
185.100.87.202	Apache Log4j RCE Attempt		Romania	Flokinet Ltd
185.100.87.41	Apache Log4j RCE Attempt		Romania	Flokinet Ltd
185.107.47.171	Apache Log4j RCE Attempt	tor-exit.r2.ci.ax	Netherlands	NForce Entertainment B.V.
185.107.47.215	Apache Log4j RCE Attempt	tor-exit.r1.ci.ax	Netherlands	NForce Entertainment B.V.
185.107.70.56	Apache Log4j RCE Attempt	tor-exit.r3.ci.ax	Netherlands	NForce Entertainment B.V.
185.129.61.1	Apache Log4j RCE Attempt	tor-project-exit1.dotsrc.org	Denmark	Forening for DotSrc
185.129.61.4	Apache Log4j RCE Attempt	tor-project-exit4.dotsrc.org	Denmark	Forening for DotSrc
185.130.44.108	Apache Log4j RCE Attempt	tor-exit-se1.privex.cc	Sweden	Privex Inc.
185.14.97.147	Apache Log4j RCE Attempt	tor-exit-node.no	Norway	TerraHost AS
185.154.53.140:80	# Kinsing botnet C2		Seychelles	Flokinet Ltd
185.165.168.77	Apache Log4j RCE Attempt	tor-exit-13.zbau.f3netze.de	Germany	F3 Netze e.V.
185.191.32.198:80	# Kinsing payload delivery server	tor-exit-14.zbau.f3netze.de	Germany	F3 Netze e.V.
185.220.100.240	Apache Log4j RCE Attempt	tor-exit-15.zbau.f3netze.de	Germany	F3 Netze e.V.
185.220.100.241	Apache Log4j RCE Attempt	tor-exit-16.zbau.f3netze.de	Germany	F3 Netze e.V.
185.220.100.242	Apache Log4j RCE Attempt	tor-exit-5.zbau.f3netze.de	Germany	F3 Netze e.V.
185.220.100.243	Apache Log4j RCE Attempt	tor-exit-6.zbau.f3netze.de	Germany	F3 Netze e.V.
185.220.100.244	Apache Log4j RCE Attempt	tor-exit-7.zbau.f3netze.de	Germany	F3 Netze e.V.
185.220.100.245	Apache Log4j RCE Attempt	tor-exit-8.zbau.f3netze.de	Germany	F3 Netze e.V.
185.220.100.246	Apache Log4j RCE Attempt	tor-exit-9.zbau.f3netze.de	Germany	F3 Netze e.V.
185.220.100.247	Apache Log4j RCE Attempt	tor-exit-10.zbau.f3netze.de	Germany	F3 Netze e.V.
185.220.100.248	Apache Log4j RCE Attempt	tor-exit-11.zbau.f3netze.de	Germany	F3 Netze e.V.
185.220.100.249	Apache Log4j RCE Attempt	tor-exit-12.zbau.f3netze.de	Germany	F3 Netze e.V.
185.220.100.250	Apache Log4j RCE Attempt	tor-exit-1.zbau.f3netze.de	Germany	F3 Netze e.V.
185.220.100.251	Apache Log4j RCE Attempt	tor-exit-2.zbau.f3netze.de	Germany	F3 Netze e.V.
185.220.100.252	Apache Log4j RCE Attempt	tor-exit-3.zbau.f3netze.de	Germany	F3 Netze e.V.
185.220.100.253	Apache Log4j RCE Attempt	tor-exit-4.zbau.f3netze.de	Germany	F3 Netze e.V.
185.220.100.254	Apache Log4j RCE Attempt	tor-exit-129.relayon.org	Germany	Cia Triad Security LLC
185.220.100.255	Apache Log4j RCE Attempt	tor-exit-131.relayon.org	Germany	Cia Triad Security LLC
185.220.101.129	Apache Log4j RCE Attempt	tor-exit-132.relayon.org	Germany	Cia Triad Security LLC
185.220.101.131	Apache Log4j RCE Attempt	tor-exit-133.relayon.org	Germany	Cia Triad Security LLC
185.220.101.132	Apache Log4j RCE Attempt	tor-exit-134.relayon.org	Germany	Cia Triad Security LLC
185.220.101.133	Apache Log4j RCE Attempt	tor-exit-135.relayon.org	Germany	Cia Triad Security LLC
185.220.101.134	Apache Log4j RCE Attempt	tor-exit-138.relayon.org	Germany	Cia Triad Security LLC
185.220.101.135	Apache Log4j RCE Attempt	tor-exit-139.relayon.org	Germany	Cia Triad Security LLC
185.220.101.138	Apache Log4j RCE Attempt	tor-exit-140.relayon.org	Germany	Cia Triad Security LLC
185.220.101.139	Apache Log4j RCE Attempt	tor-exit-141.relayon.org	Germany	Cia Triad Security LLC
185.220.101.140	Apache Log4j RCE Attempt	tor-exit-142.relayon.org	Germany	Cia Triad Security LLC
185.220.101.141	Apache Log4j RCE Attempt	tor-exit-143.relayon.org	Germany	Cia Triad Security LLC
185.220.101.142	Apache Log4j RCE Attempt	tor-exit-144.relayon.org	Germany	Cia Triad Security LLC
185.220.101.143	Apache Log4j RCE Attempt	tor-exit-145.relayon.org	Germany	Cia Triad Security LLC
185.220.101.144	Apache Log4j RCE Attempt	tor-exit-147.relayon.org	Germany	Cia Triad Security LLC
185.220.101.145	Apache Log4j RCE Attempt	tor-exit-148.relayon.org	Germany	Cia Triad Security LLC
185.220.101.147	Apache Log4j RCE Attempt	tor-exit-149.relayon.org	Germany	Cia Triad Security LLC
185.220.101.148	Apache Log4j RCE Attempt	tor-exit-150.relayon.org	Germany	Cia Triad Security LLC
185.220.101.149	Apache Log4j RCE Attempt	tor-exit-151.relayon.org	Germany	Cia Triad Security LLC
185.220.101.150	Apache Log4j RCE Attempt	tor-exit-152.relayon.org	Germany	Cia Triad Security LLC
185.220.101.151	Apache Log4j RCE Attempt	tor-exit-153.relayon.org	Germany	Cia Triad Security LLC
185.220.101.152	Apache Log4j RCE Attempt	tor-exit-154.relayon.org	Germany	Cia Triad Security LLC
185.220.101.153	Apache Log4j RCE Attempt	tor-exit-155.relayon.org	Germany	Cia Triad Security LLC
185.220.101.154	Apache Log4j RCE Attempt	tor-exit-156.relayon.org	Germany	Cia Triad Security LLC
185.220.101.155	Apache Log4j RCE Attempt	tor-exit-157.relayon.org	Germany	Cia Triad Security LLC
185.220.101.156	Apache Log4j RCE Attempt	tor-exit-158.relayon.org	Germany	Cia Triad Security LLC
185.220.101.157	Apache Log4j RCE Attempt	tor-exit-159.relayon.org	Germany	Cia Triad Security LLC
185.220.101.158	Apache Log4j RCE Attempt	tor-exit-160.relayon.org	Germany	Cia Triad Security LLC
185.220.101.159	Apache Log4j RCE Attempt	tor-exit-161.relayon.org	Germany	Cia Triad Security LLC
185.220.101.160	Apache Log4j RCE Attempt	tor-exit-162.relayon.org	Germany	Cia Triad Security LLC
185.220.101.161	Apache Log4j RCE Attempt	tor-exit-163.relayon.org	Germany	Cia Triad Security LLC
185.220.101.162	Apache Log4j RCE Attempt	tor-exit-164.relayon.org	Germany	Cia Triad Security LLC
185.220.101.163	Apache Log4j RCE Attempt	tor-exit-165.relayon.org	Germany	Cia Triad Security LLC
185.220.101.164	Apache Log4j RCE Attempt	tor-exit-167.relayon.org	Germany	Cia Triad Security LLC
185.220.101.165	Apache Log4j RCE Attempt	tor-exit-168.relayon.org	Germany	Cia Triad Security LLC
185.220.101.167	Apache Log4j RCE Attempt	tor-exit-169.relayon.org	Germany	Cia Triad Security LLC
185.220.101.168	Apache Log4j RCE Attempt	tor-exit-170.relayon.org	Germany	Cia Triad Security LLC
185.220.101.169	Apache Log4j RCE Attempt	tor-exit-171.relayon.org	Germany	Cia Triad Security LLC
185.220.101.170	Apache Log4j RCE Attempt	tor-exit-172.relayon.org	Germany	Cia Triad Security LLC
185.220.101.171	Apache Log4j RCE Attempt	tor-exit-173.relayon.org	Germany	Cia Triad Security LLC
185.220.101.172	Apache Log4j RCE Attempt	tor-exit-174.relayon.org	Germany	Cia Triad Security LLC
185.220.101.173	Apache Log4j RCE Attempt	tor-exit-175.relayon.org	Germany	Cia Triad Security LLC
185.220.101.174	Apache Log4j RCE Attempt	tor-exit-176.relayon.org	Germany	Cia Triad Security LLC
185.220.101.175	Apache Log4j RCE Attempt	tor-exit-177.relayon.org	Germany	Cia Triad Security LLC
185.220.101.176	Apache Log4j RCE Attempt	tor-exit-178.relayon.org	Germany	Cia Triad Security LLC
185.220.101.177	Apache Log4j RCE Attempt	tor-exit-179.relayon.org	Germany	Cia Triad Security LLC
185.220.101.178	Apache Log4j RCE Attempt	tor-exit-180.relayon.org	Germany	Cia Triad Security LLC
185.220.101.179	Apache Log4j RCE Attempt	tor-exit-181.relayon.org	Germany	Cia Triad Security LLC
185.220.101.180	Apache Log4j RCE Attempt	tor-exit-182.relayon.org	Germany	Cia Triad Security LLC
185.220.101.181	Apache Log4j RCE Attempt	tor-exit-181.relayon.org	Germany	Cia Triad Security LLC
185.220.101.182	Apache Log4j RCE Attempt	tor-exit-182.relayon.org	Germany	Cia Triad Security LLC
185.220.101.183	Apache Log4j RCE Attempt	tor-exit-183.relayon.org	Germany	Cia Triad Security LLC
185.220.101.184	Apache Log4j RCE Attempt	tor-exit-184.relayon.org	Germany	Cia Triad Security LLC
185.220.101.185	Apache Log4j RCE Attempt	tor-exit-185.relayon.org	Germany	Cia Triad Security LLC
185.220.101.186	Apache Log4j RCE Attempt	tor-exit-186.relayon.org	Germany	Cia Triad Security LLC
185.220.101.187	Apache Log4j RCE Attempt	tor-exit-187.relayon.org	Germany	Cia Triad Security LLC
185.220.101.188	Apache Log4j RCE Attempt	tor-exit-188.relayon.org	Germany	Cia Triad Security LLC
185.220.101.189	Apache Log4j RCE Attempt	tor-exit-189.relayon.org	Germany	Cia Triad Security LLC
185.220.101.190	Apache Log4j RCE Attempt	tor-exit-190.relayon.org	Germany	Cia Triad Security LLC
185.220.101.191	Apache Log4j RCE Attempt	tor-exit-191.relayon.org	Germany	Cia Triad Security LLC
185.220.101.32	Apache Log4j RCE Attempt	tor-exit-32.for-privacy.net	Germany	Cia Triad Security LLC
185.220.101.33	Apache Log4j RCE Attempt	tor-exit-33.for-privacy.net	Germany	Cia Triad Security LLC
185.220.101.34	Apache Log4j RCE Attempt	tor-exit-34.for-privacy.net	Germany	Cia Triad Security LLC
185.220.101.35	Apache Log4j RCE Attempt	tor-exit-35.for-privacy.net	Germany	Cia Triad Security LLC
185.220.101.36	Apache Log4j RCE Attempt	tor-exit-36.for-privacy.net	Germany	Cia Triad Security LLC
185.220.101.37	Apache Log4j RCE Attempt	tor-exit-37.for-privacy.net	Germany	Cia Triad Security LLC
185.220.101.38	Apache Log4j RCE Attempt	tor-exit-38.for-privacy.net	Germany	Cia Triad Security LLC
185.220.101.39	Apache Log4j RCE Attempt	tor-exit-39.for-privacy.net	Germany	Cia Triad Security LLC
185.220.101.41	Apache Log4j RCE Attempt	tor-exit-41.for-privacy.net	Germany	Cia Triad Security LLC
185.220.101.42	Apache Log4j RCE Attempt	tor-exit-42.for-privacy.net	Germany	Cia Triad Security LLC
185.220.101.43	Apache Log4j RCE Attempt	tor-exit-43.for-privacy.net	Germany	Cia Triad Security LLC
185.220.101.44	Apache Log4j RCE Attempt	tor-exit-44.for-privacy.net	Germany	Cia Triad Security LLC
185.220.101.45	Apache Log4j RCE Attempt	tor-exit-45.for-privacy.net	Germany	Cia Triad Security LLC
185.220.101.46	Apache Log4j RCE Attempt	tor-exit-46.for-privacy.net	Germany	Cia Triad Security LLC
185.220.101.48	Apache Log4j RCE Attempt	tor-exit-48.for-privacy.net	Germany	Cia Triad Security LLC
185.220.101.49	Apache Log4j RCE Attempt	tor-exit-49.for-privacy.net	Germany	Cia Triad Security LLC
185.220.101.50	Apache Log4j RCE Attempt	tor-exit-50.for-privacy.net	Germany	Cia Triad Security LLC
185.220.101.51	Apache Log4j RCE Attempt	tor-exit-51.for-privacy.net	Germany	Cia Triad Security LLC
185.220.101.52	Apache Log4j RCE Attempt	tor-exit-52.for-privacy.net	Germany	Cia Triad Security LLC
185.220.101.53	Apache Log4j RCE Attempt	tor-exit-53.for-privacy.net	Germany	Cia Triad Security LLC
185.220.101.54	Apache Log4j RCE Attempt	tor-exit-54.for-privacy.net	Germany	Cia Triad Security LLC
185.220.101.55	Apache Log4j RCE Attempt	tor-exit-55.for-privacy.net	Germany	Cia Triad Security LLC
185.220.101.56	Apache Log4j RCE Attempt	tor-exit-56.for-privacy.net	Germany	Cia Triad Security LLC
185.220.101.57	Apache Log4j RCE Attempt	tor-exit-57.for-privacy.net	Germany	Cia Triad Security LLC
185.220.101.58	Apache Log4j RCE Attempt	tor-exit-58.for-privacy.net	Germany	Cia Triad Security LLC
185.220.101.60	Apache Log4j RCE Attempt	tor-exit-60.for-privacy.net	Germany	Cia Triad Security LLC
185.220.101.61	Apache Log4j RCE Attempt	tor-exit-61.for-privacy.net	Germany	Cia Triad Security LLC
185.220.101.62	Apache Log4j RCE Attempt	tor-exit-62.for-privacy.net	Germany	Cia Triad Security LLC
185.220.101.63	Apache Log4j RCE Attempt	tor-exit-63.for-privacy.net	Germany	Cia Triad Security LLC
185.220.102.241	Apache Log4j RCE Attempt	185-220-102-241.torservers.net	Germany	Zwiebelfreunde e.V.
185.220.102.242	Apache Log4j RCE Attempt	185-220-102-242.torservers.net	Germany	Zwiebelfreunde e.V.
185.220.102.246	Apache Log4j RCE Attempt	185-220-102-246.torservers.net	Germany	Zwiebelfreunde e.V.
185.220.102.249	Apache Log4j RCE Attempt	tor-exit-relay-3.anonymizing-proxy.digitalcourage.de	Germany	Zwiebelfreunde e.V.
185.220.102.252	Apache Log4j RCE Attempt	tor-exit-relay-6.anonymizing-proxy.digitalcourage.de	Germany	Zwiebelfreunde e.V.
185.220.102.253	Apache Log4j RCE Attempt	tor-exit-relay-7.anonymizing-proxy.digitalcourage.de	Germany	Zwiebelfreunde e.V.
185.220.102.254	Apache Log4j RCE Attempt	tor-exit-relay-8.anonymizing-proxy.digitalcourage.de	Germany	Zwiebelfreunde e.V.
185.220.102.7	Apache Log4j RCE Attempt	185-220-102-7.torservers.net	Germany	Zwiebelfreunde e.V.
185.220.102.8	Apache Log4j RCE Attempt	185-220-102-8.torservers.net	Germany	Zwiebelfreunde e.V.
185.220.103.119	Apache Log4j RCE Attempt		Germany	CALYX-AS
185.220.103.4	Apache Log4j RCE Attempt	realitywinner.tor-exit.calyxinstitute.org	Germany	CALYX-AS
185.220.103.7	Apache Log4j RCE Attempt	anatkamm.tor-exit.calyxinstitute.org	Germany	CALYX-AS
185.232.23.46	Apache Log4j RCE Attempt	no-mans-land.m247.com	Germany	M247 Ltd
185.250.148.157:1389	# Rogue LDAP server		Denmark	Labitat
185.38.175.130	Apache Log4j RCE Attempt		Denmark	Labitat
185.38.175.131	Apache Log4j RCE Attempt		Denmark	Labitat
185.38.175.132	Apache Log4j RCE Attempt	triton.s.daknob.net	Greece	ENARTIA Single Member S.A.
185.4.132.183	Apache Log4j RCE Attempt	onion.xor.sc	Seychelles	NForce Entertainment B.V.
185.56.80.65	Apache Log4j RCE Attempt		Norway	IP Volume LTD
185.83.214.69	Apache Log4j RCE Attempt	jerry-se-do-eu-central-scanners-30.do.binaryedge.ninja	Netherlands	DIGITALOCEAN-ASN
188.166.122.43	Apache Log4j RCE Attempt	jerry-se-do-ap-south-scanners-59.do.binaryedge.ninja	Singapore	DIGITALOCEAN-ASN
188.166.223.38	Apache Log4j RCE Attempt	jerry-se-do-eu-central-scanners-32.do.binaryedge.ninja	Netherlands	DIGITALOCEAN-ASN
188.166.48.55	Apache Log4j RCE Attempt		Netherlands	DIGITALOCEAN-ASN
188.166.74.97	Apache Log4j RCE Attempt	jerry-se-do-eu-central-scanners-75.do.binaryedge.ninja	Netherlands	DIGITALOCEAN-ASN
191.232.38.25	Apache Log4j RCE Attempt	tor-exit.home.spale.com	Switzerland	Init7 (Switzerland) Ltd.
193.110.95.34	Apache Log4j RCE Attempt	tor-exit-2	United Kingdom	KeFF Networks Ltd
193.189.100.195	Apache Log4j RCE Attempt	tor-exit-8	United Kingdom	KeFF Networks Ltd
193.189.100.201	Apache Log4j RCE Attempt	tor-exit-10	United Kingdom	KeFF Networks Ltd
193.189.100.203	Apache Log4j RCE Attempt	tor.momx.site	Ukraine	Epinatura LLC
193.218.118.183	Apache Log4j RCE Attempt	s.momx.site	Ukraine	Epinatura LLC
193.218.118.231	Apache Log4j RCE Attempt	torexit	Germany	netcup GmbH
193.31.24.154	Apache Log4j RCE Attempt	edlize.com	Czechia	IP Connect Inc
194.135.33.152	Apache Log4j RCE Attempt		Poland	Riviera Telecom Ltd
194.48.199.78	Apache Log4j RCE Attempt		Germany	Hostinger International Limited
194.59.165.21	# Tsunami botnet C2	czech.node	Czechia	ITL-Bulgaria Ltd.
195.123.247.209	Apache Log4j RCE Attempt	wxrlds.org	Czechia	Delis LLC
195.133.40.15	# Mirai botnet C2	tor4e1.digitale-gesellschaft.ch	Switzerland	SWITCH
195.176.3.19	Apache Log4j RCE Attempt	tor5e3.digitale-gesellschaft.ch	Switzerland	SWITCH
195.176.3.24	Apache Log4j RCE Attempt	server.com	Russia	data-centr ekaterinburg OOO
195.19.192.26	Apache Log4j RCE Attempt	zrh-exit.privateinternetaccess.com	Switzerland	M247 Ltd
195.206.105.217	Apache Log4j RCE Attempt	www.planetarium.gr	Greece	National Infrastructures for Research and Technology S.A.
195.251.41.139	Apache Log4j RCE Attempt		Romania	
195.254.135.76	Apache Log4j RCE Attempt		Egypt	Noor Data Networks
197.246.171.111	Apache Log4j RCE Attempt		Egypt	Noor Data Networks
197.246.171.83	Apache Log4j RCE Attempt	tor.teitel.net	United States	PONYNET
198.98.51.189	Apache Log4j RCE Attempt	NewYorkTor16.us	United States	PONYNET
198.98.60.19	Apache Log4j RCE Attempt	ny1.exit.tor.alkyl.eu.org	United States	PONYNET
20.71.156.146	Apache Log4j RCE Attempt	cs-tor.bu.edu	United States	BGP-AS
204.8.156.142	Apache Log4j RCE Attempt		United States	PONYNET
205.185.115.217	# Rogue LDAP server	tor-exit.greektor.net	United States	PONYNET
205.185.117.149	Apache Log4j RCE Attempt	jerry-se-do-eu-west-scanners-42.do.binaryedge.ninja	United Kingdom	DIGITALOCEAN-ASN
206.189.20.141	Apache Log4j RCE Attempt		Canada	SERVER-MANIA
209.127.17.234	Apache Log4j RCE Attempt		Canada	SERVER-MANIA
209.127.17.242	Apache Log4j RCE Attempt	tor-relay-3.mnpnk.com	United States	PONYNET
209.141.41.103	Apache Log4j RCE Attempt	tor2.friendlyexitnode.com	United States	PONYNET
209.141.45.189	Apache Log4j RCE Attempt	TOR-EXIT4.STORMYCLOUD.ORG	United States	PONYNET
209.141.45.227	Apache Log4j RCE Attempt	TOR-EXIT4.STORMYCLOUD.ORG	United States	PONYNET
210.141.105.67	# Kinsing payload URL	demo.antec.co.jp	Japan	KDDI CORPORATION
211.154.194.21	Apache Log4j RCE Attempt		China	China Unicom Beijing Province Network
212.192.246.95	Apache Log4j RCE Attempt	programssearch.earacheevince.com	Germany	AS-SERVERION
212.193.30.142	Apache Log4j RCE Attempt	slot0.pilrimassociates.com	Czechia	Delis LLC
212.193.57.225	Apache Log4j RCE Attempt	260129.simplecloud.ru	Russia	Trader soft LLC
213.202.216.189	Apache Log4j RCE Attempt	h176.helix.dedi.server-hosting.expert	Germany	myLoc managed IT AG
221.199.187.100	Apache Log4j RCE Attempt		China	CHINA UNICOM China169 Backbone
23.120.182.121	Apache Log4j RCE Attempt	tor.coolcomputers.info	United States	ATT-INTERNET4
23.129.64.131	Apache Log4j RCE Attempt		United States	EMERALD-ONION
23.129.64.135	Apache Log4j RCE Attempt		United States	EMERALD-ONION
23.129.64.139	Apache Log4j RCE Attempt		United States	EMERALD-ONION
23.129.64.141	Apache Log4j RCE Attempt		United States	EMERALD-ONION
23.129.64.145	Apache Log4j RCE Attempt		United States	EMERALD-ONION
23.129.64.146	Apache Log4j RCE Attempt		United States	EMERALD-ONION
23.129.64.148	Apache Log4j RCE Attempt		United States	EMERALD-ONION
23.154.177.2	Apache Log4j RCE Attempt		United States	ULAYER-ASN
23.154.177.7	Apache Log4j RCE Attempt		United States	ULAYER-ASN
31.6.19.41	https://gist.githubusercontent.com/superducktoes/		Ireland	PHMGMT-AS1
37.123.163.58	Apache Log4j RCE Attempt	h-37-123-163-58.A785.priv.bahnhof.se	Sweden	Bahnhof AB
37.19.212.104	Apache Log4j RCE Attempt	unn-37-19-212-104.datapacket.com	Canada	Datacamp Limited
45.12.134.108	Apache Log4j RCE Attempt	tor-exit-node.patrickstar.nicdex.com	Netherlands	K4X OU
45.13.104.179	Apache Log4j RCE Attempt	nosoignons.cust.milkywan.net	France	MilkyWan
45.130.229.168	# Rogue LDAP server		Germany	Hostinger International Limited
45.137.155.55	# Kinsing payload delivery server	server.com	Ukraine	Volia
45.137.21.9	Apache Log4j RCE Attempt	hosted-by.rootlayer.net	Bangladesh	RootLayer Web Services Ltd.
45.153.160.130	Apache Log4j RCE Attempt		Netherlands	Moneroj s.r.o.
45.153.160.131	Apache Log4j RCE Attempt		Netherlands	Moneroj s.r.o.
45.153.160.133	Apache Log4j RCE Attempt		Netherlands	Moneroj s.r.o.
45.153.160.134	Apache Log4j RCE Attempt		Netherlands	Moneroj s.r.o.
45.153.160.135	Apache Log4j RCE Attempt		Netherlands	Moneroj s.r.o.
45.153.160.136	Apache Log4j RCE Attempt		Netherlands	Moneroj s.r.o.
45.153.160.138	Apache Log4j RCE Attempt		Netherlands	Moneroj s.r.o.
45.153.160.2	Apache Log4j RCE Attempt		Netherlands	Moneroj s.r.o.
45.154.255.147	Apache Log4j RCE Attempt	cust-147.keff.org	Sweden	KeFF Networks Ltd
45.155.205.233	Apache Log4j RCE Attempt		Russia	OOO Network of data-centers Selectel
45.33.120.240	Apache Log4j RCE Attempt	45-33-120-240.ip.linodeusercontent.com	United States	Linode, LLC
45.83.193.150	https://gist.githubusercontent.com/superducktoes/			
46.105.95.220	Apache Log4j RCE Attempt	re-load.elastix.com	France	OVH SAS
46.166.139.111	Apache Log4j RCE Attempt		Netherlands	NForce Entertainment B.V.
46.182.21.248	Apache Log4j RCE Attempt	tor-exit-relay.anonymizing-proxy.digitalcourage.de	Germany	NbIServ
5.157.38.50	Apache Log4j RCE Attempt		Sweden	Inter Connects Inc
5.182.210.216	Apache Log4j RCE Attempt		Netherlands	SKB Enterprise B.V.
5.199.143.202	Apache Log4j RCE Attempt	ca235.calcit.dedicated.server-hosting.expert	Germany	myLoc managed IT AG
5.255.97.172	https://gist.githubusercontent.com/superducktoes/			
51.15.43.205	Apache Log4j RCE Attempt	tor4thepeople3.torexitnode.net	Netherlands	Online S.a.s.
51.15.76.60	Apache Log4j RCE Attempt	60-76-15-51.instances.scw.cloud	Netherlands	Online S.a.s.
51.255.106.85	Apache Log4j RCE Attempt	tor-exit-node.strangled.net	France	OVH SAS
51.77.52.216	Apache Log4j RCE Attempt	ns3138560.ip-51-77-52.eu	Poland	OVH SAS
60.31.180.149	Apache Log4j RCE Attempt		China	CHINA UNICOM China169 Backbone
61.19.25.207	Apache Log4j RCE Attempt		Thailand	The Communication Authoity of Thailand, CAT
62.102.148.68	Apache Log4j RCE Attempt		Sweden	GlobalConnect AB
62.102.148.69	Apache Log4j RCE Attempt		Sweden	GlobalConnect AB
62.171.142.3	Apache Log4j RCE Attempt	tor.terminator.net	Germany	Contabo GmbH
62.210.130.250	# Mirai payload delivery server			
62.76.41.46	Apache Log4j RCE Attempt	392.mighost.ru	Russia	IT House, Ltd
64.113.32.29	Apache Log4j RCE Attempt	tor.t-3.net	United States	SBBSNET
66.220.242.222	Apache Log4j RCE Attempt	vtelinet-66-220-242-222.vermontel.net	United States	VERMONT-TELE
68.183.198.247	Apache Log4j RCE Attempt	jerry-se-do-na-central-scanners-28.do.binaryedge.ninja	Canada	DIGITALOCEAN-ASN
68.183.44.143	Apache Log4j RCE Attempt	jerry-se-do-eu-west-scanners-35.do.binaryedge.ninja	United Kingdom	DIGITALOCEAN-ASN
68.79.17.59	Apache Log4j RCE Attempt	ec2-68-79-17-59.cn-northwest-1.compute.amazonaws.com.cn	China	Ningxia West Cloud Data Technology Co.Ltd.
71ssmbjqg7ezpoqt8okre7gzu.canarytokens.com/	https://gist.githubusercontent.com/superducktoes/			
72.223.168.73	Apache Log4j RCE Attempt		United States	ASN-CXA-ALL-CCI-22773-RDC
80.71.158.12	https://gist.githubusercontent.com/superducktoes/	server.com	Ukraine	Rices Privately owned enterprise
80.71.158.44	https://gist.githubusercontent.com/superducktoes/	example.com	Ukraine	Rices Privately owned enterprise
81.17.18.60	Apache Log4j RCE Attempt	block1-che.interlayer.co.uk	Switzerland	Private Layer INC
81.17.18.61	Apache Log4j RCE Attempt	block1-che.interlayer.co.uk	Switzerland	Private Layer INC
81.17.18.62	Apache Log4j RCE Attempt	block1-che.interlayer.co.uk	Switzerland	Private Layer INC
82.118.18.201	# Rogue LDAP server	vds884035.hosted-by-itldc.com	Ukraine	ITL LLC
82.221.131.71	Apache Log4j RCE Attempt		Iceland	Advania Island ehf
88.80.20.86	Apache Log4j RCE Attempt	host-88-80-20-86.cust.prq.se	Sweden	Fredrik Holmqvist
89.163.154.91	Apache Log4j RCE Attempt	srv1258.dedicated.server-hosting.expert	Germany	myLoc managed IT AG
89.163.252.230	Apache Log4j RCE Attempt	ca262.calcit.dedicated.server-hosting.expert	Germany	myLoc managed IT AG
89.249.63.3	Apache Log4j RCE Attempt		Russia	Uzbektelekom Joint Stock Company
91.203.5.146	Apache Log4j RCE Attempt	mrtlu.partpossibility.com	Ukraine	Volia
91.219.237.21	Apache Log4j RCE Attempt	178911033-dedicated.serverastra.com	Hungary	ServerAstra Kft.
91.245.81.65	Apache Log4j RCE Attempt	65-rev81.giganet.net.pl	Poland	GigaNet Pawel Jastrzebski
92.242.40.21	# Rogue LDAP server			
92.242.40.21	# Kinsing payload delivery server			
94.142.241.194	Apache Log4j RCE Attempt	tor-exit.vrij-heid.nl	Netherlands	Netwerkvereniging Coloclue
94.230.208.147	Apache Log4j RCE Attempt	tor3e1.digitale-gesellschaft.ch	Switzerland	Nine Internet Solutions AG
